id,day,event_type,category,region,device,account_age_days,num_prev_listings,prev_reports_30d,verification_level,price,num_images,message_length,contains_off_platform,urgency_words,payment_attempt,time_to_first_response_min,is_suspicious,risk_score
11281,12,ad_post,fashion,metro,ios,45.8,1,2,1,77.35,3,110,1,1,0,26.6,0,0.9607487698783582
69,10,ad_post,other,urban,android,78.1,3,3,0,250.81,4,126,0,1,0,22.6,0,0.9577528143288058
4184,5,ad_post,other,urban,android,59.3,3,1,0,225.01,4,50,1,1,1,56.7,1,0.9571417298323139
441,3,message_send,other,metro,ios,20.4,5,2,0,1010.33,2,161,1,0,0,36.2,1,0.9533895819999367
2421,7,ad_post,other,metro,ios,25.4,2,2,1,85.52,1,133,1,0,1,36.6,0,0.9517920588609471
8561,4,ad_post,other,metro,android,24.1,1,1,1,141.57,6,69,1,1,1,9.1,1,0.946631090421731
2006,13,message_send,other,rural,web,27.9,1,1,0,50.08,4,140,1,1,0,93.2,1,0.9457203380148693
1681,12,ad_post,fashion,urban,web,27.3,4,1,0,45.04,3,80,1,1,0,38.1,1,0.944013313875392
4994,6,message_send,fashion,metro,android,51.9,1,1,0,,0,181,1,1,0,31.6,1,0.9388520836319325
2130,7,message_send,other,metro,ios,64.2,3,1,0,62.62,1,50,1,1,0,32.9,0,0.9372666318522652
7576,3,ad_post,other,urban,ios,58.0,2,1,0,139.72,3,65,1,1,0,21.1,1,0.9358323692686106
4660,7,message_send,fashion,metro,ios,6.4,4,1,0,579.04,4,261,1,0,1,3.3,1,0.9323927561226802
3323,12,ad_post,electronics,metro,android,20.4,3,2,0,106.54,3,123,0,1,0,9.4,0,0.9299468394655813
4561,9,ad_post,bikes,metro,android,110.1,3,2,0,37.97,2,162,1,0,0,3.0,0,0.929773409611574
7079,9,message_send,phones,metro,android,104.3,4,2,0,,5,291,1,0,0,7.8,0,0.9295300287609962
9279,9,message_send,phones,rural,android,32.6,4,1,0,59.94,4,91,1,0,1,,1,0.9268315229551114
10838,10,message_send,electronics,urban,ios,25.7,1,1,0,154.39,1,137,1,0,1,,1,0.9248825196124612
6154,8,ad_post,other,metro,android,39.5,2,1,0,150.69,2,110,1,0,1,2.8,1,0.9242032977069025
2986,13,ad_post,fashion,metro,ios,64.8,1,3,1,498.46,3,82,0,0,1,4.7,0,0.9235779091271853
6645,11,message_send,fashion,rural,ios,51.1,4,2,1,105.9,2,152,1,0,0,21.4,1,0.9187036563458711
2578,9,ad_post,other,,android,28.9,4,0,0,,5,151,1,1,1,6.7,1,0.9178056676787529
6330,7,message_send,electronics,metro,android,30.3,1,1,1,1359.78,1,190,1,1,0,,1,0.915835232426725
10218,7,message_send,fashion,metro,ios,10.2,5,2,0,90.61,5,230,0,0,1,47.4,0,0.9089435134247987
2445,2,message_send,other,rural,ios,55.9,2,1,1,251.87,1,91,1,1,0,30.8,1,0.9078294938430184
11515,1,ad_post,furniture,urban,android,53.3,1,0,0,134.31,2,12,1,1,1,6.5,1,0.9070771152309955
999,3,ad_post,fashion,metro,android,24.0,1,2,0,50.77,5,89,0,0,1,13.7,1,0.9062524814395473
4643,13,message_send,electronics,metro,ios,6.7,3,1,0,242.52,4,59,1,0,0,5.0,1,0.9041070563684777
8723,2,ad_post,furniture,metro,web,11.5,5,1,1,95.81,3,8,1,0,1,5.0,1,0.9015869789286497
8435,2,ad_post,bikes,metro,ios,12.0,0,1,0,108.14,5,144,1,0,0,7.6,1,0.899984657283503
2444,1,ad_post,phones,urban,android,90.0,5,1,0,117.8,1,151,1,0,1,30.1,0,0.8998467773871431
320,11,ad_post,bikes,rural,android,40.8,4,2,0,215.92,5,73,0,0,1,21.5,1,0.8994599338701388
8362,7,ad_post,other,metro,ios,14.0,3,1,0,173.95,7,84,0,1,1,13.0,0,0.8992734435736317
7866,7,message_send,furniture,,android,17.0,2,1,0,184.36,1,100,1,0,0,8.2,0,0.89877422905025
7695,7,message_send,bikes,urban,android,62.7,2,1,1,87.57,2,178,1,1,0,,0,0.8986676359041428
3068,14,ad_post,furniture,metro,android,22.7,1,1,0,27.48,1,13,1,0,0,21.9,1,0.8982126313914024
10616,9,ad_post,bikes,metro,android,21.9,1,1,0,,4,48,1,0,0,13.3,1,0.8977766854936114
3490,7,message_send,phones,metro,ios,18.8,2,1,0,182.03,1,121,1,0,0,55.6,1,0.8975020616798666
3112,2,ad_post,furniture,metro,ios,111.2,7,2,1,263.14,5,76,1,0,0,4.0,1,0.8958868843741651
8697,8,ad_post,furniture,metro,ios,114.9,8,2,0,169.83,2,24,0,1,0,6.4,0,0.8958834587809251
11188,4,ad_post,phones,metro,ios,16.0,1,2,1,152.12,0,163,0,1,0,5.1,1,0.8957211120573229
8265,7,ad_post,fashion,urban,ios,8.8,1,1,1,547.33,4,140,1,0,1,18.5,1,0.8952018339299969
5384,6,ad_post,furniture,urban,android,16.9,2,1,0,105.7,1,56,1,0,0,44.4,1,0.8951570953967297
3028,2,ad_post,furniture,urban,android,17.1,3,1,0,93.36,1,78,0,1,1,3.6,1,0.8933236514631966
4856,9,message_send,phones,metro,android,89.3,3,0,0,53.65,3,172,1,1,1,5.9,0,0.8923509934356589
2942,9,message_send,furniture,urban,ios,22.5,3,1,0,858.88,6,105,1,0,0,47.2,1,0.8914176470269839
5232,1,message_send,bikes,rural,android,8.1,3,0,0,922.39,2,69,1,1,0,8.7,1,0.8914102605299477
11955,14,message_send,other,rural,android,24.0,1,1,1,625.68,2,209,1,0,1,25.1,0,0.8913691176664246
7538,2,message_send,bikes,urban,web,114.8,5,1,0,95.58,2,59,1,0,1,,1,0.8907115136098079
5508,5,ad_post,fashion,metro,android,147.4,3,3,0,78.98,6,147,0,0,0,7.9,0,0.8902863148211747
7563,4,ad_post,bikes,urban,ios,44.4,1,2,0,112.9,5,204,0,0,1,10.1,1,0.8900234829709687
7766,13,message_send,other,metro,ios,13.4,4,0,0,310.16,3,45,1,1,0,58.5,0,0.8894822199764127
2745,4,message_send,phones,metro,android,32.0,4,2,1,,5,140,0,1,0,73.4,1,0.8888146601776811
1194,14,ad_post,furniture,metro,android,44.0,5,1,0,114.9,5,0,1,0,0,46.0,0,0.8886966246570753
9869,5,ad_post,other,urban,android,27.8,5,1,0,911.04,4,140,1,0,0,21.6,1,0.8880505013372535
8879,4,ad_post,furniture,rural,ios,17.9,5,0,0,158.88,5,56,1,1,0,56.4,1,0.887048299336151
6750,10,ad_post,phones,urban,android,31.3,2,1,0,87.94,3,116,1,0,0,8.7,0,0.8869481399278836
3901,2,ad_post,phones,metro,web,46.6,1,1,0,188.46,4,74,1,0,0,10.6,1,0.8856071812730228
11871,3,ad_post,fashion,rural,android,50.5,2,1,0,128.28,5,31,1,0,0,8.0,0,0.8847645411089602
241,11,message_send,fashion,rural,android,64.8,3,3,1,95.02,2,186,0,0,0,5.7,0,0.8846892751322383
7671,1,ad_post,other,metro,android,49.5,1,2,1,35.86,2,11,0,1,0,5.4,0,0.8834697936504874
938,11,ad_post,electronics,urban,android,129.8,3,1,0,187.06,4,115,1,0,1,32.2,1,0.8820005107481854
10675,10,ad_post,bikes,urban,web,40.3,2,1,0,519.84,2,86,0,1,1,11.0,0,0.8819195422205957
792,14,ad_post,bikes,rural,ios,51.6,3,2,1,140.23,3,38,0,1,0,20.7,1,0.8817248447222936
1746,3,message_send,other,urban,ios,17.9,4,0,0,269.6,1,125,1,1,0,3.7,1,0.8801053926893944
11459,1,message_send,electronics,metro,android,52.0,2,1,0,133.68,2,186,1,0,0,10.4,1,0.8800418806005487
642,9,ad_post,fashion,urban,web,43.1,4,1,0,86.76,6,159,1,0,0,20.1,0,0.8799693104159271
744,4,ad_post,furniture,metro,ios,52.1,3,1,0,144.73,0,193,1,0,0,2.6,1,0.8798081718392046
10686,11,ad_post,phones,metro,web,58.6,1,1,0,59.85,4,66,1,0,0,10.1,1,0.8797907578053206
5564,11,message_send,fashion,urban,web,104.3,1,0,0,29.75,3,194,1,1,1,53.1,0,0.8793587591143044
8532,14,ad_post,bikes,rural,ios,62.3,2,1,0,230.8,3,12,1,0,0,5.8,0,0.8793026209724929
1287,11,message_send,other,metro,ios,52.3,3,1,0,262.31,6,192,0,1,1,,1,0.8783506975805713
3656,9,ad_post,electronics,rural,android,33.9,3,0,0,154.85,3,97,1,1,0,24.2,0,0.8779626272273169
7699,10,message_send,other,metro,android,39.8,3,0,0,430.69,8,93,1,1,0,12.6,1,0.8749736063640902
9019,7,ad_post,electronics,rural,ios,42.8,3,0,0,102.69,2,45,1,1,0,26.6,0,0.874678443080613
10646,14,ad_post,fashion,metro,android,40.9,8,0,0,629.07,2,84,1,1,0,8.5,1,0.8746329442064639
5251,5,message_send,bikes,urban,android,51.8,1,1,0,,1,199,1,0,0,90.9,1,0.8743635665465693
9033,9,ad_post,other,urban,ios,58.3,3,1,0,24.8,1,67,0,1,1,11.0,0,0.8730483246251486
6290,14,message_send,other,urban,ios,61.0,3,1,0,,3,29,0,1,1,6.1,1,0.8726366668430459
9765,8,ad_post,other,metro,android,45.3,4,0,0,91.33,3,85,1,1,0,4.3,1,0.8722484213313269
8804,5,message_send,bikes,urban,android,31.6,1,0,1,34.53,3,84,1,1,1,13.9,0,0.8720374133624134
2588,14,message_send,electronics,rural,web,57.1,1,2,1,,3,301,0,1,0,10.6,0,0.8718384942035291
6596,3,message_send,electronics,metro,android,62.6,4,1,1,200.13,0,240,1,0,1,3.6,1,0.8710275889150875
2991,3,ad_post,furniture,metro,android,78.9,0,1,0,70.27,2,0,1,0,0,4.4,0,0.8708337147510561
5022,10,ad_post,other,urban,android,66.6,2,1,0,1010.24,0,62,1,0,0,53.4,0,0.8701380833757045
11016,5,ad_post,other,rural,android,55.4,2,0,0,298.28,2,46,1,1,0,5.2,0,0.8678016441441774
1424,14,message_send,bikes,urban,android,40.4,2,0,0,156.27,4,195,1,1,0,20.8,1,0.8661232208989944
8717,6,message_send,bikes,rural,android,50.5,2,0,0,625.04,3,208,1,1,0,13.1,1,0.8659289882647522
3491,14,message_send,furniture,rural,ios,48.5,3,0,0,233.17,3,251,1,1,0,42.8,1,0.8658224483874375
7416,11,message_send,furniture,metro,android,74.4,4,1,0,70.95,3,292,1,0,0,21.1,0,0.8650761523122398
5741,13,ad_post,furniture,urban,web,49.2,4,0,0,203.91,2,60,1,1,0,5.8,0,0.8650367655446108
7778,10,ad_post,fashion,rural,ios,62.8,3,0,0,210.7,2,0,1,1,0,6.0,1,0.8649639157526805
7095,2,ad_post,bikes,,ios,18.9,3,2,0,312.08,0,131,0,0,0,148.0,1,0.8646372646705539
4321,11,ad_post,furniture,urban,ios,78.3,5,1,0,123.82,0,0,0,1,1,12.1,1,0.8638668715863365
11146,7,message_send,bikes,rural,android,16.6,6,2,0,317.32,2,227,0,0,0,5.9,1,0.86316268418816
989,4,message_send,furniture,urban,android,76.3,6,1,0,175.71,0,154,1,0,0,24.0,1,0.8620553140625108
6454,5,message_send,other,rural,web,60.7,5,0,0,320.42,0,155,1,1,0,4.3,0,0.8616516441638117
41,2,ad_post,electronics,metro,android,64.6,3,0,0,47.78,7,88,1,1,0,25.9,0,0.8613690022353025
6979,14,message_send,bikes,urban,ios,53.8,2,0,0,127.45,1,120,1,1,0,5.6,0,0.8606464877164545
1892,14,message_send,other,metro,ios,29.0,4,2,0,139.59,2,77,0,0,0,,1,0.8604132251441626
9620,7,ad_post,furniture,urban,web,79.3,3,1,0,,4,110,0,1,1,3.0,1,0.8600608568084518
4603,6,ad_post,bikes,metro,ios,29.3,4,2,0,193.75,3,117,0,0,0,1.5,0,0.8590475963281363
5775,3,ad_post,other,metro,android,4.9,7,0,0,225.18,4,163,1,0,1,29.9,0,0.8568585378301912
8327,5,ad_post,bikes,metro,android,39.4,2,2,0,208.06,1,58,0,0,0,9.7,1,0.8548316188020001
1118,10,ad_post,fashion,metro,android,34.4,1,2,0,,2,185,0,0,0,22.6,0,0.8539476759445259
1688,4,message_send,other,urban,ios,25.0,2,2,1,223.24,3,161,0,0,1,2.8,0,0.8518074148546388
8140,13,ad_post,furniture,metro,ios,84.6,2,0,0,250.83,0,14,1,1,0,2.9,0,0.8517048563663179
3527,9,ad_post,bikes,rural,android,18.2,5,1,0,550.18,5,127,0,1,0,29.1,0,0.8493480529938606
8352,12,message_send,other,metro,ios,42.9,0,2,0,524.0,5,167,0,0,0,53.5,0,0.8493037424604344
1332,12,ad_post,other,rural,ios,109.4,2,1,0,411.12,0,149,1,0,0,25.0,0,0.8486128634527996
5453,2,ad_post,other,metro,ios,20.9,3,1,1,199.79,3,30,0,1,1,18.0,0,0.8484240237260451
7108,10,message_send,furniture,rural,android,14.9,1,1,1,274.97,1,205,1,0,0,5.2,0,0.848280672151578
2868,6,message_send,electronics,urban,android,32.2,4,2,0,146.99,0,207,0,0,0,45.1,0,0.8482131212497819
11660,11,ad_post,phones,urban,android,36.5,5,2,0,,6,150,0,0,0,11.3,1,0.84733877456826
8157,5,message_send,fashion,urban,web,12.9,3,1,1,503.18,2,74,1,0,0,18.7,1,0.8471878824766945
5303,8,ad_post,furniture,urban,ios,38.9,4,2,0,122.4,4,108,0,0,0,6.5,0,0.8471746776287105
7713,8,ad_post,furniture,rural,android,24.1,0,1,1,75.62,0,69,1,0,0,17.7,0,0.8468556916437348
10926,5,ad_post,other,rural,android,28.3,3,1,1,372.14,5,0,1,0,0,9.7,0,0.8464233955295443
8951,10,message_send,fashion,urban,android,12.1,2,0,0,223.43,2,165,1,0,1,22.5,1,0.8459999265193581
11615,6,message_send,other,metro,android,111.1,3,1,1,170.75,0,128,1,0,1,9.5,0,0.8458808417598664
5415,11,ad_post,bikes,metro,android,22.3,3,1,1,80.71,2,139,1,0,0,6.5,1,0.8457436534105656
4128,14,ad_post,furniture,urban,ios,14.3,3,1,1,418.2,6,114,1,0,0,2.6,0,0.8450191604339251
7010,4,ad_post,electronics,urban,android,19.4,2,1,0,392.33,1,65,0,1,0,31.9,1,0.8440262127539347
3945,2,ad_post,electronics,,android,80.1,5,0,1,94.13,4,277,1,1,1,10.3,0,0.8438153997259954
8923,4,ad_post,fashion,urban,android,105.0,2,1,0,54.65,1,128,0,1,1,1.8,0,0.8438024156541292
6817,5,ad_post,other,urban,android,112.0,3,1,0,83.3,6,0,0,1,1,6.4,0,0.8434935966882137
4364,14,ad_post,electronics,,android,27.0,2,1,1,30.35,7,130,1,0,0,19.9,0,0.8430425060823278
5079,14,message_send,phones,metro,android,27.1,1,1,0,23.75,1,214,0,1,0,,1,0.8408939210671885
2358,8,ad_post,furniture,rural,android,34.3,0,1,0,301.99,4,74,0,1,0,14.6,1,0.8408471638450117
3879,7,ad_post,other,urban,android,25.0,2,1,0,205.23,4,72,0,1,0,21.9,0,0.8401879796294343
11978,10,message_send,other,urban,android,23.0,3,0,0,46.79,4,132,1,0,1,11.0,1,0.8400877837345458
5935,9,ad_post,bikes,rural,ios,55.9,4,2,0,61.36,4,201,0,0,0,22.3,1,0.8399364403817996
11004,10,ad_post,phones,metro,ios,104.1,4,0,0,216.97,6,0,1,1,0,10.1,0,0.8398324156526761
6444,12,ad_post,electronics,rural,android,32.5,2,0,0,549.73,6,158,1,0,1,27.7,0,0.8398224246475013
1113,13,message_send,electronics,metro,web,28.3,0,0,0,210.78,0,242,1,0,1,4.3,0,0.8397723862691382
9619,6,ad_post,electronics,urban,android,111.7,4,1,0,188.8,4,179,1,0,0,37.5,0,0.8395291023317293
6501,13,ad_post,electronics,urban,ios,30.7,0,0,0,42.03,1,3,1,0,1,15.5,1,0.8393492743568707
677,2,ad_post,other,urban,android,23.8,2,1,1,61.07,8,121,1,0,0,13.7,1,0.8386595248322365
7568,13,ad_post,other,metro,android,35.0,3,1,0,123.63,1,134,0,1,0,9.5,1,0.8383967122748173
11387,10,ad_post,furniture,metro,web,126.4,0,1,0,,2,134,1,0,0,22.4,0,0.8382239162242566
8261,4,message_send,furniture,urban,android,54.4,4,2,0,506.53,4,91,0,0,0,14.5,0,0.8377639608982561
6025,7,ad_post,phones,urban,ios,30.9,3,1,0,327.02,4,30,0,1,0,10.6,0,0.837724847045047
5482,9,ad_post,furniture,rural,web,70.6,4,2,0,191.9,3,0,0,0,0,8.3,1,0.8370047353139112
9972,1,ad_post,bikes,urban,android,91.3,5,0,0,189.71,1,158,1,1,0,3.7,1,0.836107447063393
4292,6,ad_post,bikes,rural,ios,68.9,4,2,0,69.63,4,63,0,0,0,9.2,1,0.8360054697484507
5124,3,ad_post,fashion,metro,ios,41.2,0,0,0,88.72,6,105,1,0,1,72.2,1,0.8358708146318603
7357,4,ad_post,fashion,urban,web,58.6,6,2,1,118.17,1,0,0,0,1,7.7,1,0.8355838980700134
10238,3,ad_post,furniture,urban,android,31.4,1,0,0,,3,109,1,0,1,19.4,1,0.8353247822815751
7984,9,ad_post,other,urban,android,28.2,5,1,1,171.28,4,136,1,0,0,35.4,0,0.8352444516075529
9731,12,message_send,bikes,rural,ios,38.4,2,1,1,134.61,4,144,1,0,0,58.0,0,0.8351171309525028
142,5,message_send,furniture,metro,ios,13.3,2,0,1,596.79,1,123,1,1,0,6.8,1,0.8347859112776714
8498,13,ad_post,other,metro,ios,46.2,1,0,0,125.75,3,55,1,0,1,30.0,0,0.8342323922558292
9441,2,message_send,phones,metro,ios,16.1,1,0,1,114.85,0,102,1,1,0,4.0,1,0.8336257250808027
3365,10,ad_post,furniture,metro,android,46.5,1,0,0,84.95,4,69,1,0,1,8.4,1,0.8335524775953997
7783,14,ad_post,furniture,rural,ios,46.1,5,0,0,538.94,8,77,1,0,1,12.8,0,0.8335475630282931
7899,11,message_send,phones,urban,ios,29.3,3,1,1,24.51,2,165,1,0,0,18.9,1,0.8335188720223183
1264,13,ad_post,furniture,metro,ios,45.6,4,1,0,123.54,3,91,0,1,0,4.0,1,0.8327973283267418
4610,7,ad_post,furniture,rural,android,49.8,4,1,0,268.78,6,17,0,1,0,10.0,1,0.8325053150527393
9913,1,ad_post,phones,urban,ios,29.3,2,2,2,219.14,3,110,0,1,0,3.3,1,0.8322875134921669
11895,9,message_send,bikes,rural,ios,43.1,3,1,0,355.96,3,156,0,1,0,8.7,0,0.8322503890986127
8662,12,message_send,electronics,rural,ios,129.4,3,2,1,89.12,3,188,0,1,0,106.2,1,0.8312887093105725
5402,13,ad_post,other,rural,web,75.1,0,2,1,83.94,4,6,0,0,1,,0,0.8312855080764732
8460,3,message_send,electronics,metro,android,45.5,2,1,1,107.5,2,122,1,0,0,6.0,1,0.831087540010106
8993,14,ad_post,other,urban,web,62.3,2,2,1,277.15,2,71,0,0,1,13.2,0,0.8306552418962165
10305,7,message_send,furniture,urban,android,96.6,3,0,0,83.67,2,215,1,1,0,3.5,0,0.830587120421222
2810,11,ad_post,other,metro,android,45.9,3,1,1,173.82,3,76,0,1,1,10.6,1,0.8305848718889003
5642,1,message_send,bikes,urban,android,35.2,1,1,0,140.02,0,155,0,1,0,64.0,0,0.8305754910640109
2581,7,ad_post,electronics,urban,android,101.8,1,0,0,128.56,2,114,1,1,0,6.8,0,0.8305477471118392
7244,3,message_send,furniture,rural,ios,17.4,3,0,1,229.14,2,172,1,1,0,42.0,0,0.8303304528503689
4120,14,ad_post,electronics,urban,android,130.8,2,1,0,68.72,2,85,1,0,0,2.2,0,0.8299614229184555
10604,11,ad_post,furniture,metro,ios,79.8,6,2,0,37.39,3,33,0,0,0,5.5,0,0.8296822506540726
5789,1,ad_post,furniture,metro,android,44.6,2,1,1,101.53,3,183,1,0,0,13.7,0,0.8295815149805841
10029,4,message_send,electronics,urban,ios,39.0,4,0,0,59.29,1,128,1,0,1,21.1,1,0.8295332605233712
6189,11,ad_post,electronics,rural,android,27.3,2,0,1,98.85,6,14,1,1,0,2.9,0,0.8290596522014001
6777,12,ad_post,bikes,metro,ios,75.4,3,2,0,129.51,8,138,0,0,0,2.1,0,0.8290334358736982
1838,13,ad_post,phones,urban,android,68.9,4,2,0,134.21,3,64,0,0,0,51.0,0,0.8289311523195464
5650,12,ad_post,furniture,urban,ios,8.5,5,0,1,118.78,2,192,1,1,0,52.4,0,0.8285927142274708
5114,6,ad_post,furniture,rural,android,25.4,1,0,1,88.64,1,67,1,1,0,35.8,0,0.8285105536215039
11707,12,message_send,fashion,metro,web,45.3,2,1,1,230.11,1,224,1,0,0,55.6,0,0.8276630613232914
1323,4,ad_post,furniture,metro,android,46.1,5,1,1,341.93,4,158,0,1,1,11.1,0,0.8275803165073873
10226,7,ad_post,furniture,urban,ios,105.2,3,0,1,511.97,0,63,1,1,1,14.7,0,0.8274365547333998
6801,8,ad_post,phones,urban,android,42.2,1,0,0,43.7,3,132,1,0,1,8.9,1,0.8271878853726259
10766,6,ad_post,phones,metro,android,22.5,4,0,1,253.53,3,180,1,1,0,131.7,1,0.8265368619170441
7873,13,ad_post,fashion,metro,ios,60.6,2,0,0,82.54,8,0,1,0,1,11.0,1,0.8263111530234362
7644,13,ad_post,fashion,metro,android,115.1,4,0,1,169.8,6,113,1,1,1,8.3,0,0.8260277709673359
284,5,ad_post,other,rural,android,62.2,1,0,0,188.52,4,7,1,0,1,193.6,0,0.8249460963494183
11524,2,message_send,electronics,urban,ios,41.9,3,1,1,49.34,0,187,1,0,0,2.3,1,0.8240858659254434
3272,8,ad_post,bikes,metro,ios,57.1,1,1,0,154.17,2,119,0,1,0,5.3,0,0.823891516289885
317,12,message_send,other,urban,android,50.2,2,0,0,309.35,2,81,1,0,1,,0,0.823412212528285
438,14,message_send,other,metro,android,58.7,9,1,0,419.25,2,107,0,1,0,10.4,0,0.8231949332392517
4389,8,message_send,electronics,urban,ios,40.8,4,1,0,207.74,4,264,0,1,0,1.8,1,0.8228349658877018
4912,2,ad_post,electronics,urban,android,15.9,6,0,1,247.39,4,212,1,1,0,32.7,0,0.8227201188848587
3345,7,ad_post,bikes,,web,60.1,4,1,0,235.47,3,102,0,1,0,16.4,0,0.8223854989534889
3458,11,message_send,electronics,metro,android,60.8,3,0,0,86.54,2,119,1,0,1,,0,0.8219144889816955
2920,7,message_send,other,urban,android,50.0,4,0,0,86.21,0,166,1,0,1,20.1,0,0.8204845456222494
5040,8,message_send,other,metro,android,123.9,0,0,0,83.69,1,197,1,1,0,16.3,0,0.8194178160950648
1775,8,ad_post,electronics,metro,ios,156.0,5,1,0,154.3,4,110,1,0,0,95.9,0,0.8186956468576796
8636,11,ad_post,other,metro,ios,35.9,2,0,1,25.01,6,146,1,1,0,13.8,0,0.8182781166710064
751,12,message_send,fashion,metro,android,86.3,1,2,0,152.65,3,226,0,0,0,2.8,0,0.818207501458949
5853,5,message_send,fashion,urban,ios,60.8,5,0,0,65.57,1,34,1,0,1,,0,0.8175539774495756
6591,4,message_send,furniture,rural,web,58.7,6,0,0,114.95,2,284,1,0,1,26.5,1,0.8174007222508688
9621,13,ad_post,furniture,urban,android,82.8,6,2,1,497.43,1,52,0,0,1,2.3,0,0.8169190427633645
2395,13,message_send,bikes,metro,android,64.1,5,1,0,222.18,0,178,0,1,0,25.4,0,0.8167458371809848
5724,3,message_send,other,metro,ios,64.3,2,1,1,85.64,4,123,0,1,1,15.0,0,0.8159286178529078
8209,3,message_send,other,urban,android,79.3,2,2,1,218.64,2,150,0,0,1,13.6,0,0.8158368604333153
3709,4,ad_post,other,rural,android,156.7,0,1,0,907.38,1,122,0,1,1,12.9,1,0.8158068787064037
322,14,ad_post,phones,urban,android,83.5,6,2,0,104.41,4,144,0,0,0,86.9,0,0.8157133027398843
5288,5,ad_post,phones,rural,android,75.5,3,0,0,671.02,5,0,1,0,1,68.5,1,0.815701504949201
4952,10,ad_post,other,urban,android,62.9,2,1,1,66.81,3,6,1,0,0,19.6,0,0.8156521366892345
11884,3,message_send,electronics,urban,ios,59.1,0,1,1,337.32,5,111,1,0,0,,0,0.8145228767337476
49,1,ad_post,bikes,rural,ios,162.2,2,1,0,205.69,5,68,0,1,1,10.4,0,0.8137951904900671
4355,6,ad_post,bikes,rural,android,69.7,1,1,1,78.06,3,131,1,0,0,81.1,0,0.8136413025535291
4843,12,message_send,other,urban,android,140.3,0,2,2,75.93,2,219,0,1,1,0.6,0,0.812414156461434
176,3,ad_post,other,metro,android,78.2,3,0,0,,3,41,1,0,1,,1,0.8121877836894719
6791,9,ad_post,electronics,rural,android,48.1,2,0,1,143.82,2,78,1,1,0,5.7,0,0.8118958066488403
2239,10,ad_post,electronics,metro,android,14.5,4,1,0,39.36,3,42,0,0,1,9.3,1,0.8115787511292055
3579,4,ad_post,furniture,metro,android,8.9,8,1,0,92.0,0,176,0,0,1,6.6,1,0.8106711023538122
3798,4,ad_post,furniture,rural,android,75.4,1,1,0,202.51,4,125,0,1,0,8.8,0,0.8104236952838468
8693,6,ad_post,electronics,rural,ios,168.5,4,1,0,51.24,5,88,1,0,0,8.7,1,0.8103646915855175
6680,7,ad_post,phones,metro,android,80.2,5,1,0,62.19,4,42,0,1,0,7.4,0,0.8099957873878165
10895,7,ad_post,phones,metro,android,104.8,6,2,0,256.11,0,83,0,0,0,11.0,1,0.8099791112162854
3641,1,ad_post,furniture,metro,android,18.2,1,1,0,105.35,1,16,0,0,1,66.0,0,0.8098113115476023
1511,2,ad_post,furniture,,android,168.9,5,1,0,87.9,2,99,1,0,0,25.3,0,0.8096486204909666
3150,9,message_send,other,metro,web,79.5,1,1,0,49.18,3,81,0,1,0,17.9,0,0.8090349805184094
2427,9,ad_post,furniture,rural,ios,13.8,1,1,0,23.31,3,127,0,0,1,11.0,0,0.8088754350501786
8346,3,message_send,furniture,urban,web,68.4,1,0,0,92.26,2,131,1,0,1,4.6,1,0.8083141679211968
995,4,ad_post,furniture,metro,ios,78.8,1,1,1,103.54,2,109,1,0,0,9.6,0,0.8077057424446645
5244,3,ad_post,bikes,,ios,83.5,1,1,0,165.34,4,44,0,1,0,13.0,0,0.8074453788457423
422,13,ad_post,other,metro,web,110.6,2,2,0,430.08,1,42,0,0,0,22.0,0,0.807194272578279
3387,10,message_send,bikes,urban,ios,66.9,5,1,0,98.52,0,173,0,1,0,28.8,0,0.8071556165554735
933,10,ad_post,bikes,rural,android,18.9,3,1,0,115.14,3,93,0,0,1,9.0,1,0.8063384763658117
8010,13,ad_post,fashion,metro,android,24.1,4,1,0,427.83,4,0,0,0,1,14.1,0,0.8059862802040687
4309,2,message_send,other,metro,android,110.2,2,2,0,591.48,1,84,0,0,0,5.4,0,0.8058796557000035
11719,3,ad_post,furniture,urban,android,11.4,3,1,0,102.17,2,51,0,0,1,6.4,0,0.805748911523429
6537,2,message_send,other,urban,android,71.0,3,1,0,130.94,3,135,0,1,0,11.4,0,0.8055168640423345
9508,2,message_send,electronics,metro,ios,20.2,5,1,0,334.71,2,93,0,0,1,68.2,1,0.8053527015179307
7306,14,ad_post,electronics,metro,android,114.9,0,2,0,44.49,2,29,0,0,0,1.6,1,0.8044352263832291
6431,11,ad_post,bikes,metro,android,84.8,0,0,0,233.41,2,120,1,0,1,6.9,0,0.8042084097546872
370,3,ad_post,fashion,urban,ios,76.1,3,1,0,229.87,1,90,0,1,0,34.2,0,0.8033753024526112
6129,10,ad_post,phones,rural,ios,21.9,3,2,1,14.41,2,78,0,0,0,9.1,1,0.8031536837453604
2316,13,ad_post,furniture,urban,ios,72.4,1,1,1,22.57,2,148,1,0,0,7.3,0,0.8031471323086723
8822,2,message_send,electronics,urban,android,12.2,0,1,0,183.11,0,107,0,0,1,5.3,1,0.8029642345385753
4075,6,ad_post,furniture,urban,android,47.1,3,0,1,58.49,1,129,1,1,0,38.7,0,0.8028421824303585
4017,1,message_send,other,urban,ios,12.7,4,1,0,65.13,2,104,0,0,1,115.3,0,0.8026978232820244
10490,12,ad_post,furniture,metro,android,86.1,4,1,0,270.94,1,131,0,1,0,1.2,0,0.8020928760496141
886,12,message_send,furniture,rural,ios,85.4,3,1,0,306.57,1,146,0,1,0,26.1,0,0.80204386130964
8888,13,ad_post,other,metro,android,21.0,7,1,0,278.5,1,166,0,0,1,3.9,0,0.801898193722916
324,2,message_send,furniture,urban,android,158.9,0,1,0,181.04,2,293,1,0,0,4.8,1,0.8018407952157813
3176,5,ad_post,other,metro,web,23.3,2,2,1,180.05,3,89,0,0,0,,0,0.8016474991041275
3789,2,message_send,phones,metro,ios,57.7,3,0,1,207.56,4,159,1,1,0,67.1,0,0.8015263374517162
8291,11,ad_post,furniture,urban,ios,15.1,2,1,0,322.25,2,88,0,0,1,3.5,0,0.801478094451884
1748,11,message_send,electronics,urban,android,81.6,4,1,0,119.72,4,41,0,1,0,12.4,0,0.8010643736310922
5842,9,ad_post,furniture,metro,android,22.8,3,2,2,329.74,1,47,0,0,1,17.5,1,0.8008088471803531
11332,8,message_send,other,rural,ios,26.8,1,1,0,71.1,3,80,0,0,1,,0,0.8008015325591578
1152,7,ad_post,bikes,rural,web,23.9,2,1,0,,4,142,0,0,1,9.3,1,0.8006030435540126
11195,10,ad_post,phones,urban,android,170.6,6,1,0,342.55,3,97,1,0,0,4.9,1,0.8005121890742051
11624,9,ad_post,furniture,rural,android,30.2,5,1,0,106.39,3,24,0,0,1,6.4,0,0.8003768739377346
1646,12,ad_post,furniture,,ios,22.5,4,1,0,221.84,4,179,0,0,1,67.3,1,0.800228462583181
3734,4,ad_post,other,urban,android,17.4,3,1,0,68.65,4,88,0,0,1,19.9,0,0.7996984984496136
11075,9,ad_post,other,,android,180.7,3,1,0,77.0,1,124,1,0,0,,1,0.7996919185798245
4695,11,message_send,phones,metro,android,84.1,4,0,0,138.06,0,253,1,0,1,16.2,0,0.7995335496577634
6984,6,ad_post,furniture,metro,ios,32.7,4,1,0,195.05,5,0,0,0,1,6.5,0,0.7993853460657496
9384,4,message_send,electronics,rural,android,92.6,4,0,0,,7,110,1,0,1,14.3,1,0.7985846633573952
7094,6,message_send,furniture,urban,android,80.1,1,0,0,34.46,0,164,1,0,1,66.7,0,0.7980651326957324
6306,14,message_send,other,urban,android,194.2,0,2,0,132.94,1,168,0,0,1,38.1,0,0.7980007334829484
5666,5,ad_post,other,urban,ios,19.7,3,1,0,107.03,7,96,0,0,1,11.4,1,0.7975884655393684
11729,9,ad_post,other,rural,ios,123.3,1,2,0,174.34,2,44,0,0,0,6.8,0,0.7973536735906075
2254,1,message_send,electronics,urban,ios,80.8,5,1,0,60.8,0,152,0,1,0,70.1,1,0.7972908349264225
10626,13,message_send,electronics,metro,ios,21.0,4,2,1,274.51,1,256,0,0,0,34.7,1,0.7968241162864692
93,13,ad_post,electronics,urban,ios,149.7,6,0,0,174.96,3,79,1,1,0,12.0,0,0.7967329931252436
2417,8,ad_post,phones,metro,android,30.8,2,1,0,697.1,0,107,0,0,1,14.1,1,0.7966136930363648
3114,10,ad_post,electronics,urban,android,26.3,5,1,0,41.27,3,0,0,0,1,15.1,0,0.7962453894802213
4590,14,ad_post,other,rural,ios,33.0,2,2,1,,3,35,0,0,0,16.5,0,0.7962364949514186
906,6,ad_post,phones,urban,web,21.6,2,1,0,405.49,3,94,0,0,1,,1,0.7961778565422702
3773,3,ad_post,furniture,urban,web,26.7,4,1,0,,2,0,0,0,1,8.6,0,0.7959306872862586
10847,6,ad_post,furniture,metro,web,8.7,1,0,0,79.05,1,88,1,0,0,4.0,0,0.7958920632735466
5746,2,ad_post,other,metro,android,32.5,2,1,0,74.76,4,93,0,0,1,2.9,0,0.7958373905021163
871,4,ad_post,electronics,metro,ios,99.9,2,1,1,309.73,5,0,1,0,0,10.7,0,0.795727930184684
6810,1,ad_post,furniture,urban,android,87.3,2,0,0,53.16,3,82,1,0,1,68.3,0,0.7956920231625614
3934,9,message_send,furniture,metro,android,162.3,2,0,0,102.76,2,70,1,1,0,36.4,1,0.7953754312053617
11101,6,ad_post,electronics,metro,android,34.2,4,1,0,109.33,2,76,0,0,1,12.0,0,0.7951794808417879
1675,7,message_send,other,urban,android,85.4,4,1,0,335.64,2,121,0,1,0,43.5,1,0.7949136568720084
11089,5,ad_post,electronics,rural,android,32.9,6,2,1,197.64,1,72,0,0,0,29.1,0,0.7948302460081719
9090,13,ad_post,bikes,metro,ios,6.3,6,0,1,247.71,5,94,1,0,1,3.3,0,0.7946054461156751
11877,1,ad_post,other,metro,android,5.1,5,0,1,102.63,5,127,1,0,1,6.0,0,0.7942253886814921
2684,11,ad_post,furniture,urban,android,180.2,2,1,0,48.52,2,75,1,0,0,3.9,0,0.7938679311823623
6171,10,message_send,phones,metro,android,68.3,3,0,1,154.81,4,152,1,1,0,5.4,0,0.7935101210582866
2214,10,ad_post,electronics,urban,ios,89.3,3,1,1,74.62,2,60,1,0,0,7.7,1,0.7934566578043242
11691,14,ad_post,other,metro,android,5.8,6,1,1,,3,120,0,1,0,27.8,0,0.7932378967030647
3696,8,ad_post,phones,metro,android,40.7,9,1,0,420.96,4,0,0,0,1,20.2,1,0.7930952019140572
8504,5,ad_post,other,metro,android,8.2,2,0,1,89.9,2,96,1,0,1,14.8,0,0.7930174743498448
8599,13,ad_post,furniture,,android,6.8,1,1,1,87.75,2,119,0,1,0,7.5,1,0.7924824538268617
8158,10,ad_post,bikes,metro,android,13.0,3,1,1,34.23,1,3,0,1,0,3.1,1,0.7922480059292676
11502,10,ad_post,bikes,urban,web,23.8,2,1,0,279.77,7,157,0,0,1,4.9,0,0.7918918020927771
2348,10,ad_post,phones,metro,android,99.3,1,1,2,53.0,10,35,1,0,1,53.3,1,0.7918351694076783
9276,1,ad_post,electronics,metro,android,42.4,1,1,0,316.33,2,0,0,0,1,10.6,1,0.791739923803309
10684,7,ad_post,electronics,urban,android,96.5,2,0,0,124.68,0,0,1,0,1,13.9,0,0.7917042798759002
942,14,message_send,phones,,ios,3.6,3,0,0,467.51,6,294,1,0,0,3.5,0,0.7916170497730887
2012,7,ad_post,phones,rural,ios,17.5,2,0,0,36.53,1,24,1,0,0,10.5,1,0.7914944333375133
7186,1,ad_post,electronics,metro,web,106.0,4,1,0,179.66,0,6,0,1,0,6.4,0,0.7914724828765854
9570,14,ad_post,other,metro,ios,12.7,1,0,0,117.25,2,71,0,1,1,28.6,1,0.7912760694207104
2673,1,ad_post,other,metro,ios,37.4,2,2,1,118.43,2,75,0,0,0,21.3,0,0.7911284617869039
10192,10,ad_post,other,metro,android,37.3,3,1,0,60.19,3,120,0,0,1,12.4,0,0.7909319338768339
2905,11,ad_post,furniture,rural,android,105.2,1,1,0,215.35,4,36,0,1,0,6.1,1,0.7908900325429075
9999,2,ad_post,electronics,metro,android,5.6,1,0,0,56.59,3,222,0,1,1,1.8,0,0.7908050521607396
1847,1,ad_post,other,metro,android,12.7,4,0,0,225.62,2,140,1,0,0,15.4,1,0.7906084515726349
7762,1,message_send,bikes,metro,android,16.8,6,0,0,42.73,1,64,1,0,0,17.1,1,0.7904233980418671
10907,7,message_send,bikes,metro,android,10.2,5,0,0,119.73,4,195,1,0,0,2.1,0,0.7903674508538469
6322,2,ad_post,bikes,rural,android,20.3,4,0,0,39.68,2,0,1,0,0,34.5,0,0.7902294168670433
11958,5,ad_post,bikes,metro,android,38.9,0,2,1,265.11,1,70,0,0,0,12.3,1,0.7901292790672645
813,7,ad_post,bikes,metro,ios,44.9,1,1,0,83.74,3,0,0,0,1,22.0,0,0.7897350031876222
4580,7,ad_post,electronics,metro,ios,19.6,5,0,0,231.62,3,33,1,0,0,12.1,1,0.789440876705547
6843,2,ad_post,furniture,metro,android,18.7,5,0,0,541.1,2,51,1,0,0,19.8,1,0.7894276285302242
10629,9,ad_post,electronics,urban,web,7.5,2,0,0,144.45,4,84,1,0,0,6.3,1,0.7887043571239766
684,10,ad_post,bikes,metro,ios,198.4,1,1,0,421.87,3,52,1,0,0,3.2,1,0.7885741135560937
8430,7,ad_post,other,metro,ios,104.1,3,1,1,372.85,3,97,1,0,0,12.1,0,0.7884342923679009
8224,11,message_send,furniture,metro,android,128.1,5,2,0,51.74,2,171,0,0,0,9.9,0,0.7883877324824228
4898,9,ad_post,electronics,metro,ios,13.0,2,0,1,87.76,5,125,1,0,1,77.1,1,0.7879798681203455
9372,4,message_send,other,urban,android,33.4,0,1,0,685.09,5,73,0,0,1,13.2,1,0.7876080197921156
6393,6,message_send,bikes,metro,android,13.8,1,0,0,73.61,5,193,1,0,0,15.3,1,0.7875445351477448
4210,14,message_send,other,metro,android,13.2,3,0,1,125.74,1,132,1,0,1,,0,0.7875290009304777
6632,12,ad_post,bikes,urban,android,33.7,3,1,0,418.97,3,74,0,0,1,10.7,1,0.7873233791962571
9194,12,message_send,other,metro,web,39.7,5,1,0,58.94,4,169,0,0,1,,1,0.786982071225979
8016,8,ad_post,other,urban,web,11.1,4,0,0,,3,3,0,1,1,16.6,0,0.7869577660230965
5113,1,message_send,bikes,rural,web,64.1,4,0,2,168.79,1,322,1,1,1,10.0,0,0.7869384395754044
11968,10,ad_post,phones,rural,ios,20.3,5,0,0,165.85,2,28,0,1,1,13.9,0,0.7869119562216287
794,6,ad_post,furniture,metro,ios,18.4,7,0,0,204.33,1,66,0,1,1,19.2,0,0.7868837418971092
10286,10,ad_post,furniture,rural,android,16.1,0,0,1,400.3,5,91,1,0,1,11.2,0,0.7868693102732467
9691,12,ad_post,bikes,urban,android,29.7,2,1,0,28.42,5,167,0,0,1,4.3,1,0.7867263187231919
2284,11,message_send,electronics,urban,android,25.6,2,1,0,172.07,0,253,0,0,1,17.2,0,0.786499700234662
4792,9,message_send,electronics,metro,android,13.5,2,0,0,899.89,4,177,0,1,1,24.2,0,0.7862723892784645
166,13,ad_post,electronics,metro,android,49.4,2,1,0,82.34,1,0,0,0,1,24.2,1,0.7860905478848459
5477,12,ad_post,fashion,metro,ios,19.9,1,0,0,152.13,7,112,1,0,0,18.2,0,0.7859377404316701
10795,13,ad_post,fashion,urban,android,10.5,2,0,0,116.32,2,93,1,0,0,16.6,0,0.7858976952749012
4691,14,ad_post,other,urban,android,4.3,8,1,1,316.3,2,125,0,1,0,28.1,0,0.7858528357171942
3520,2,ad_post,other,urban,android,92.3,2,1,1,462.77,3,135,0,1,1,71.8,0,0.7858103090891364
8902,1,message_send,electronics,,android,16.7,1,0,0,,5,128,0,1,1,57.2,0,0.7856974417530201
6172,11,message_send,bikes,metro,ios,16.0,2,0,0,229.94,6,195,1,0,0,19.9,0,0.7856719453347274
5120,5,message_send,bikes,urban,android,9.7,2,0,0,398.25,1,67,0,1,1,23.0,0,0.7854437534851996
4928,8,ad_post,other,metro,android,24.0,4,0,0,245.27,3,51,1,0,0,17.0,1,0.7851259059862997
5722,14,ad_post,electronics,rural,ios,16.5,3,0,1,243.83,3,131,1,0,1,7.4,0,0.7848821752553039
11275,3,ad_post,other,urban,ios,36.2,2,1,0,189.44,3,85,0,0,1,21.4,0,0.7848294508967844
10401,3,message_send,electronics,urban,android,189.5,2,1,0,170.83,1,121,1,0,0,3.6,0,0.7844814516069645
11688,1,ad_post,furniture,urban,ios,9.1,7,1,1,105.4,4,65,0,1,0,13.2,1,0.7844259804546868
3663,11,ad_post,fashion,rural,android,49.7,3,1,0,34.01,0,36,0,0,1,4.2,0,0.7843471794240855
7354,8,message_send,other,metro,android,16.8,1,0,0,156.27,5,212,1,0,0,21.1,0,0.7843095308787187
9187,7,message_send,other,metro,ios,18.3,1,0,0,139.72,2,185,1,0,0,13.2,0,0.7842067537102342
8714,10,ad_post,fashion,urban,ios,192.0,3,1,0,390.44,3,81,1,0,0,38.7,0,0.784101445762112
11034,13,ad_post,phones,urban,ios,38.3,2,2,1,,3,23,0,0,0,18.8,0,0.7841008202364176
7680,6,message_send,fashion,rural,android,101.0,4,1,1,267.95,1,269,1,0,0,2.0,0,0.7838246834061241
9886,5,ad_post,furniture,metro,android,14.7,3,1,2,33.71,2,106,0,1,1,7.9,0,0.7836086746641737
8904,10,ad_post,furniture,rural,ios,38.0,3,2,1,200.28,2,251,0,0,0,22.4,0,0.7833682094963804
9829,5,ad_post,fashion,urban,android,34.3,5,1,0,233.63,5,158,0,0,1,8.2,0,0.783338844727891
5272,9,ad_post,bikes,metro,ios,106.4,2,0,0,313.6,2,217,1,0,1,26.4,1,0.7831614749250464
5837,1,ad_post,phones,urban,web,41.0,1,1,0,748.58,0,36,0,0,1,22.5,0,0.7829367191861148
3363,9,ad_post,electronics,metro,android,50.0,2,1,0,93.87,5,64,0,0,1,14.5,0,0.7829292124610544
8034,7,message_send,electronics,metro,ios,18.4,7,0,0,213.6,2,221,1,0,0,135.5,0,0.7826172338854486
11237,6,message_send,electronics,rural,ios,18.8,3,0,1,105.8,5,140,1,0,1,9.8,1,0.7826165047902511
6968,4,message_send,phones,metro,android,138.0,3,2,0,235.37,5,116,0,0,0,3.5,0,0.7825901372059523
4260,14,message_send,phones,metro,android,22.9,3,0,0,101.28,1,83,0,1,1,23.5,1,0.7824903156943293
10313,2,message_send,fashion,rural,ios,16.4,2,0,0,63.88,3,270,1,0,0,11.4,0,0.7822090048743982
6325,5,message_send,fashion,metro,android,173.2,2,0,0,456.05,0,177,1,1,0,8.2,0,0.7821784061479956
3814,14,message_send,furniture,rural,android,52.8,5,1,0,67.4,2,29,0,0,1,41.7,0,0.7820895125105033
2607,10,ad_post,phones,metro,android,20.2,7,0,0,43.75,1,199,1,0,0,5.7,1,0.7820561074543951
4889,6,message_send,bikes,rural,web,24.6,1,0,0,318.45,0,118,1,0,0,2.2,0,0.7818280247568504
2038,1,ad_post,other,metro,ios,53.4,1,1,0,155.99,5,25,0,0,1,29.4,1,0.7817619606584622
11901,12,message_send,electronics,rural,android,21.8,1,0,0,131.85,0,176,1,0,0,6.0,0,0.7817015242177328
9907,14,ad_post,electronics,rural,android,26.2,3,0,0,171.02,3,97,1,0,0,11.1,0,0.7813888836004708
11425,7,message_send,electronics,metro,android,19.5,0,0,0,197.9,3,180,0,1,1,7.6,0,0.7812184599202487
3026,11,ad_post,furniture,metro,android,22.3,4,1,1,45.7,1,87,0,1,0,28.9,0,0.7812094799560829
10630,3,message_send,electronics,urban,android,7.4,1,0,0,66.97,5,268,1,0,0,12.3,1,0.7811216144792213
374,7,ad_post,furniture,rural,ios,24.7,4,0,0,274.22,2,135,1,0,0,10.2,1,0.7810287709714274
3001,1,ad_post,bikes,urban,ios,13.5,4,0,0,39.11,6,153,1,0,0,29.1,1,0.7809185844056991
10967,2,ad_post,furniture,metro,android,26.8,2,0,0,391.94,5,101,1,0,0,15.1,0,0.7807228126552742
10458,2,ad_post,electronics,rural,web,22.9,6,1,1,15.34,2,94,0,1,0,3.4,1,0.7804161843613118
9679,9,ad_post,fashion,rural,ios,28.2,0,0,0,162.12,1,81,1,0,0,10.3,1,0.7804059241664141
7475,14,message_send,furniture,metro,android,138.7,4,2,0,364.75,0,158,0,0,0,10.4,0,0.7802404860549186
8111,1,ad_post,bikes,rural,android,22.1,2,0,1,88.95,0,138,1,0,1,16.5,1,0.7799679346718551
6996,11,message_send,electronics,metro,android,81.8,4,0,2,246.9,0,144,1,1,1,13.4,0,0.779835335608579
8808,1,message_send,other,,ios,48.1,7,1,0,56.15,3,175,0,0,1,22.3,0,0.7798233525081274
9835,14,message_send,fashion,urban,web,106.3,1,1,1,122.44,2,56,1,0,0,25.1,0,0.7797969825652425
1395,14,message_send,phones,urban,ios,14.5,3,0,0,132.28,2,164,1,0,0,29.2,1,0.7796222799250436
8061,2,ad_post,other,rural,ios,57.2,5,1,0,88.26,1,6,0,0,1,6.1,0,0.7794106549921272
9888,11,ad_post,bikes,urban,android,13.5,3,0,0,322.51,4,194,1,0,0,33.2,1,0.7791827946412212
4571,11,ad_post,electronics,urban,android,108.6,4,1,0,188.19,4,54,0,1,0,53.4,0,0.7788357127392045
2413,4,ad_post,electronics,metro,android,140.4,2,2,1,140.39,2,90,0,0,1,26.4,0,0.7786050423707356
11876,14,message_send,furniture,rural,android,26.1,3,1,2,42.91,3,58,1,0,0,50.2,1,0.7784063235169616
11505,8,ad_post,fashion,urban,android,24.5,4,0,0,218.24,6,0,1,0,0,19.6,1,0.7782451095599039
2014,11,ad_post,other,metro,android,27.7,4,0,0,94.3,3,145,1,0,0,9.6,0,0.7781062307645362
7483,11,message_send,furniture,urban,android,42.6,3,2,1,51.26,1,82,0,0,0,8.4,1,0.7780480000708677
6929,6,ad_post,phones,rural,android,30.2,3,0,0,29.09,2,57,0,1,1,22.2,0,0.777520278533191
2864,9,message_send,furniture,urban,android,14.5,1,0,0,94.14,1,218,1,0,0,11.9,1,0.7773243856327642
4431,1,message_send,fashion,metro,ios,114.1,2,0,0,68.43,4,207,1,0,1,9.6,0,0.7771846899692331
2448,4,ad_post,other,rural,android,23.5,4,1,1,94.79,4,162,0,1,0,27.0,1,0.7770237937432055
2801,3,ad_post,electronics,metro,android,27.7,3,0,0,118.74,5,121,0,1,1,16.5,0,0.776883748818384
3494,13,ad_post,phones,rural,android,55.9,2,1,0,77.99,5,91,0,0,1,36.7,1,0.7768774543987527
6526,12,ad_post,fashion,rural,android,24.1,4,0,0,88.1,7,194,0,1,1,16.7,1,0.7767857031664508
6683,11,ad_post,bikes,urban,android,21.0,2,0,0,112.09,4,55,0,1,1,10.1,0,0.7765843923160599
11165,10,message_send,bikes,urban,android,75.7,2,0,1,125.86,1,212,1,1,0,5.3,0,0.7764436233543875
4616,5,ad_post,phones,metro,android,35.6,3,0,0,807.37,2,31,1,0,0,23.9,1,0.7763474746731346
8339,12,ad_post,other,metro,android,29.3,3,0,0,67.56,4,103,0,1,1,11.5,1,0.7763089771726563
5048,10,ad_post,furniture,rural,ios,29.7,6,0,0,418.39,5,154,1,0,0,,1,0.7760423842995825
7315,14,ad_post,furniture,urban,web,45.8,1,1,0,66.39,4,106,0,0,1,80.0,1,0.775968686268275
8517,4,ad_post,fashion,urban,ios,105.1,3,1,1,44.26,2,118,0,1,1,9.2,0,0.7759140290477639
2363,13,ad_post,bikes,rural,ios,35.2,6,0,0,104.14,4,55,1,0,0,5.8,0,0.7756550438709369
8058,7,ad_post,furniture,urban,ios,21.0,6,0,0,128.93,4,130,1,0,0,28.7,1,0.7756255374937902
9792,8,message_send,other,metro,android,31.6,3,0,0,,0,132,1,0,0,14.8,0,0.7753847569459021
10830,14,ad_post,other,rural,android,35.3,0,0,0,47.5,4,66,1,0,0,27.8,0,0.7750978836130626
899,7,ad_post,electronics,metro,android,26.5,3,0,0,121.48,5,187,0,1,1,9.6,1,0.775063656591589
8001,2,ad_post,fashion,metro,ios,28.4,2,1,2,139.17,5,95,1,0,0,2.9,0,0.774888981375601
4997,6,ad_post,bikes,urban,ios,43.5,1,2,1,163.19,3,145,0,0,0,21.1,0,0.7745911455575462
887,1,message_send,fashion,metro,android,27.0,6,0,0,123.35,0,242,1,0,0,3.0,1,0.7745391157714202
8701,5,ad_post,phones,metro,android,31.5,3,1,1,280.73,4,67,0,1,0,6.2,0,0.774356340567398
10869,9,message_send,phones,urban,android,16.1,4,0,0,122.92,3,204,0,1,1,9.2,0,0.7743175334672784
7409,3,message_send,bikes,urban,android,42.4,3,1,0,35.84,1,218,0,0,1,12.9,1,0.7740229247501796
6136,10,ad_post,other,metro,web,94.5,5,0,1,43.25,6,105,1,1,0,28.6,0,0.7739641412171233
6742,13,ad_post,furniture,urban,android,28.4,1,0,0,457.64,2,30,1,0,0,6.1,0,0.7736722995284615
476,14,ad_post,fashion,urban,android,29.3,0,0,0,144.42,4,15,1,0,0,6.4,0,0.7735566101057589
9604,7,ad_post,electronics,urban,ios,28.9,4,0,0,444.62,3,30,1,0,0,10.3,1,0.7732476909999587
4650,6,ad_post,other,urban,android,27.8,5,0,0,,1,0,0,1,1,62.5,1,0.7732030234293419
2652,13,ad_post,electronics,metro,android,32.9,5,1,1,112.2,1,74,0,1,0,10.3,0,0.7728654867042548
10376,1,message_send,phones,rural,android,53.4,4,1,0,152.18,1,234,0,0,1,96.0,0,0.7728354789747687
9062,8,ad_post,fashion,metro,ios,35.8,5,0,0,549.74,2,115,1,0,0,48.7,0,0.7725576198600367
5423,6,ad_post,furniture,metro,android,31.3,3,0,1,72.43,2,134,1,0,1,8.3,1,0.7723938642793123
8886,14,ad_post,furniture,metro,ios,32.6,2,0,0,209.44,0,130,0,1,1,7.8,1,0.7723500416716887
10729,6,ad_post,electronics,urban,android,113.9,2,0,0,33.28,2,124,1,0,1,11.7,1,0.772116451695167
3282,7,ad_post,bikes,urban,web,18.5,1,1,2,439.64,4,153,1,0,0,3.9,1,0.7719422864648059
4762,4,ad_post,other,rural,ios,36.3,2,0,0,1087.29,3,120,1,0,0,,1,0.7719143854781917
377,8,ad_post,phones,rural,android,39.1,2,0,0,159.4,3,68,1,0,0,11.9,1,0.7717842356779612
489,5,message_send,electronics,urban,ios,22.1,4,0,1,123.4,0,132,1,0,1,,0,0.7714427523473757
6638,9,ad_post,phones,urban,web,49.8,2,1,0,66.9,1,133,0,0,1,2.9,0,0.7714078022967238
163,13,ad_post,furniture,metro,android,61.7,1,1,0,39.9,4,104,0,0,1,9.5,0,0.7714017856011479
7325,4,ad_post,other,urban,web,28.1,1,0,0,79.79,2,89,1,0,0,16.9,0,0.7713693963168755
1165,2,ad_post,phones,rural,android,32.7,2,0,1,,0,136,1,0,1,,0,0.7711117144427891
3078,4,message_send,bikes,urban,ios,18.8,2,0,0,215.87,3,225,0,1,1,7.6,0,0.7711092696863919
2883,12,ad_post,electronics,metro,android,36.6,5,0,0,143.7,2,82,0,1,1,43.6,0,0.7710212412928085
2973,4,message_send,phones,urban,ios,24.9,2,0,0,224.83,1,161,1,0,0,131.0,1,0.7709710350377083
11742,8,message_send,furniture,metro,ios,38.0,3,0,0,217.26,4,109,1,0,0,12.0,0,0.7709402015458218
7620,11,ad_post,bikes,metro,ios,192.6,2,0,0,356.01,3,64,1,1,0,8.6,1,0.7706996919684677
7380,13,message_send,other,urban,android,26.1,2,0,0,208.39,3,147,1,0,0,16.8,1,0.7705538214460045
5845,2,ad_post,furniture,metro,ios,39.0,4,0,0,168.6,3,46,0,1,1,2.2,0,0.7705356294483006
8046,12,ad_post,bikes,metro,ios,39.4,2,1,1,283.3,7,0,0,1,0,19.8,0,0.7705323915506546
3211,8,ad_post,other,urban,ios,33.8,2,0,0,245.22,2,0,1,0,0,15.5,0,0.7703689362805471
9413,1,message_send,electronics,,ios,53.8,3,1,0,59.39,0,290,0,0,1,2.7,1,0.7700572756129601
2569,9,ad_post,other,metro,ios,44.1,3,0,0,58.76,10,10,1,0,0,16.4,0,0.7700321023090003
6987,10,ad_post,phones,rural,ios,39.7,4,0,1,362.57,3,24,1,0,1,14.6,0,0.7699997673088796
5007,8,message_send,phones,metro,android,39.6,6,0,0,91.14,1,100,1,0,0,15.3,0,0.7699615282404673
1055,12,ad_post,bikes,urban,web,27.1,2,0,0,108.04,3,149,1,0,0,53.0,0,0.7696083243337752
419,8,message_send,electronics,metro,android,32.8,7,0,0,392.39,3,200,0,1,1,9.2,0,0.7691266532417469
6089,12,ad_post,phones,urban,ios,26.6,0,0,0,236.98,4,122,0,1,1,10.9,0,0.7689155570277691
8235,14,ad_post,fashion,metro,ios,65.9,2,1,0,101.2,4,81,0,0,1,,0,0.7688027453409689
363,2,ad_post,furniture,rural,ios,46.3,1,0,0,383.29,4,0,1,0,0,,0,0.7685777135340931
4863,1,ad_post,bikes,urban,ios,31.0,2,0,0,170.32,3,49,0,1,1,11.8,1,0.7683265924917421
3808,14,ad_post,phones,metro,android,39.8,5,0,0,,2,84,0,1,1,26.3,1,0.7681837779233041
11323,2,message_send,electronics,rural,android,124.7,0,1,0,135.83,4,189,0,1,0,38.0,0,0.7681752809479719
2060,5,ad_post,furniture,rural,android,40.0,1,0,0,168.08,2,136,1,0,0,11.2,0,0.7680391492444977
9251,10,message_send,other,urban,android,119.4,5,1,0,23.83,2,92,0,1,0,1.1,0,0.7680217451969038
7689,9,ad_post,furniture,urban,ios,28.2,4,1,2,423.97,1,0,0,1,1,6.5,1,0.7680021277399518
9424,4,message_send,fashion,urban,ios,24.1,2,0,0,54.22,2,249,1,0,0,10.2,1,0.7678061966527454
528,4,ad_post,other,rural,android,127.0,2,1,1,212.47,1,132,1,0,0,1.1,0,0.7677928477887159
8874,6,ad_post,electronics,metro,ios,38.7,6,0,1,118.96,1,96,1,0,1,17.6,1,0.7677036696357583
2496,12,message_send,fashion,rural,web,36.0,0,0,1,129.5,0,150,1,0,1,198.2,1,0.7676610276528251
10498,2,message_send,other,urban,android,23.1,6,0,1,1818.97,4,202,1,0,1,1.9,1,0.767519255734003
2450,11,message_send,phones,metro,web,43.3,2,0,0,159.86,2,84,1,0,0,62.5,0,0.7674752797046288
2672,3,message_send,other,rural,ios,39.6,1,0,0,97.81,2,159,1,0,0,6.2,1,0.7673727568140749
8301,4,ad_post,other,rural,android,47.8,3,0,0,77.14,5,0,1,0,0,12.1,1,0.7672821248119571
331,14,ad_post,other,metro,ios,62.6,5,2,1,178.12,2,143,0,0,0,30.3,1,0.7672463720177091
5325,4,message_send,other,urban,android,29.7,3,0,0,417.68,5,154,1,0,0,4.4,0,0.7671460924044419
8196,2,message_send,other,metro,android,34.9,2,0,0,79.04,2,208,0,1,1,9.0,0,0.766961778473193
1124,11,message_send,electronics,metro,ios,41.0,6,0,0,208.46,2,143,1,0,0,9.0,0,0.766865915228915
1353,1,ad_post,furniture,metro,android,44.7,3,0,0,595.1,6,19,0,1,1,8.4,0,0.7668081294728394
10047,7,ad_post,fashion,metro,ios,45.5,3,0,0,372.11,5,56,1,0,0,9.8,1,0.766804805931539
6165,13,message_send,phones,metro,android,40.1,3,0,0,138.0,2,168,1,0,0,1.6,1,0.7665426995911864
11928,4,ad_post,bikes,metro,android,42.4,2,0,0,,3,123,1,0,0,133.7,0,0.7665349897463121
5765,11,ad_post,other,urban,ios,30.8,1,0,1,254.21,4,76,1,0,1,7.9,0,0.7664062411657188
5679,13,ad_post,other,rural,ios,14.1,2,0,2,351.61,5,52,1,1,0,10.6,0,0.7661697074003595
7339,1,message_send,fashion,metro,web,37.3,4,1,2,305.73,1,122,1,0,0,2.3,1,0.7660838666334545
11211,13,ad_post,furniture,rural,android,41.7,5,0,0,214.46,0,99,0,1,1,45.3,0,0.7658768656374195
6011,10,ad_post,bikes,metro,ios,39.2,1,0,0,522.86,6,206,1,0,0,48.1,0,0.7656440695499481
4954,4,ad_post,bikes,metro,android,37.1,2,0,1,86.63,3,178,1,0,1,24.6,0,0.7654707028622074
2694,12,message_send,electronics,urban,android,28.2,2,0,0,207.18,4,222,1,0,0,54.9,0,0.7654430505500268
